{"cameraMode":{"drawMode":0,"name":"Shaded","section":"Shading Mode"},"sceneLighting":true,"audioPlay":false,"sceneViewState":{"showFog":true,"showMaterialUpdate":true,"showSkybox":true,"showFlares":true,"showImageEffects":true,"showParticleSystems":true},"in2DMode":false,"pivot":{"x":-1.6940975189208985,"y":-0.3142232894897461,"z":0.973341703414917},"rotation":{"x":-0.24167555570602418,"y":0.49855145812034609,"z":-0.14704330265522004,"w":-0.8194007873535156},"size":10.494790077209473,"orthographic":false}