{"cameraMode":{"drawMode":0,"name":"Shaded","section":"Shading Mode"},"sceneLighting":true,"audioPlay":false,"sceneViewState":{"showFog":true,"showMaterialUpdate":true,"showSkybox":true,"showFlares":true,"showImageEffects":true,"showParticleSystems":true},"in2DMode":false,"pivot":{"x":1.8318455219268799,"y":0.16747570037841798,"z":5.182560920715332},"rotation":{"x":0.06872086226940155,"y":0.9159166216850281,"z":-0.35294532775878909,"w":0.1783362179994583},"size":5.784772872924805,"orthographic":false}