{"cameraMode":{"drawMode":0,"name":"Shaded","section":"Shading Mode"},"sceneLighting":true,"audioPlay":false,"sceneViewState":{"showFog":true,"showMaterialUpdate":true,"showSkybox":true,"showFlares":true,"showImageEffects":true,"showParticleSystems":true},"in2DMode":false,"pivot":{"x":1.384305477142334,"y":-0.8261997699737549,"z":4.805037498474121},"rotation":{"x":-0.2654096186161041,"y":0.4917201101779938,"z":-0.16039499640464784,"w":-0.8136600255966187},"size":5.956672668457031,"orthographic":false}