{"cameraMode":{"drawMode":0,"name":"Shaded","section":"Shading Mode"},"sceneLighting":true,"audioPlay":false,"sceneViewState":{"showFog":true,"showMaterialUpdate":true,"showSkybox":true,"showFlares":true,"showImageEffects":true,"showParticleSystems":true},"in2DMode":false,"pivot":{"x":813.9783935546875,"y":1333.020751953125,"z":-4.9615478515625},"rotation":{"x":-0.11255346983671189,"y":-0.017291396856307985,"z":0.0019589962903410198,"w":-0.9934933185577393},"size":1401.86328125,"orthographic":false}