{"cameraMode":{"drawMode":0,"name":"Shaded","section":"Shading Mode"},"sceneLighting":true,"audioPlay":false,"sceneViewState":{"showFog":true,"showMaterialUpdate":true,"showSkybox":true,"showFlares":true,"showImageEffects":true,"showParticleSystems":true},"in2DMode":false,"pivot":{"x":537.8369750976563,"y":909.4091186523438,"z":21.698974609375},"rotation":{"x":-0.052757568657398227,"y":-0.03235127404332161,"z":0.0017102848505601287,"w":-0.9980817437171936},"size":1612.513671875,"orthographic":false}