{"cameraMode":{"drawMode":0,"name":"Shaded","section":"Shading Mode"},"sceneLighting":true,"audioPlay":false,"sceneViewState":{"showFog":true,"showMaterialUpdate":true,"showSkybox":true,"showFlares":true,"showImageEffects":true,"showParticleSystems":true},"in2DMode":false,"pivot":{"x":618.8169555664063,"y":1730.60302734375,"z":3.34326171875},"rotation":{"x":-0.052757568657398227,"y":-0.03235127404332161,"z":0.0017102848505601287,"w":-0.9980817437171936},"size":1366.480712890625,"orthographic":false}