{"cameraMode":{"drawMode":0,"name":"Shaded","section":"Shading Mode"},"sceneLighting":true,"audioPlay":false,"sceneViewState":{"showFog":true,"showMaterialUpdate":true,"showSkybox":true,"showFlares":true,"showImageEffects":true,"showParticleSystems":true},"in2DMode":false,"pivot":{"x":542.0830688476563,"y":1125.9739990234375,"z":-26.96484375},"rotation":{"x":-0.17037512362003327,"y":-0.033399421721696857,"z":0.005778519902378321,"w":-0.9847961664199829},"size":1152.1724853515625,"orthographic":false}