{"cameraMode":{"drawMode":0,"name":"Shaded","section":"Shading Mode"},"sceneLighting":true,"audioPlay":false,"sceneViewState":{"showFog":true,"showMaterialUpdate":true,"showSkybox":true,"showFlares":true,"showImageEffects":true,"showParticleSystems":true},"in2DMode":false,"pivot":{"x":546.37939453125,"y":1189.4521484375,"z":-0.137939453125},"rotation":{"x":-0.10353444516658783,"y":-0.041168250143527988,"z":0.004289120901376009,"w":-0.9937642812728882},"size":1610.9749755859375,"orthographic":false}