{"cameraMode":{"drawMode":0,"name":"Shaded","section":"Shading Mode"},"sceneLighting":true,"audioPlay":false,"sceneViewState":{"showFog":true,"showMaterialUpdate":true,"showSkybox":true,"showFlares":true,"showImageEffects":true,"showParticleSystems":true},"in2DMode":false,"pivot":{"x":4.2674880027771,"y":5.816715717315674,"z":1.4033622741699219},"rotation":{"x":-0.052757568657398227,"y":-0.03235127404332161,"z":0.0017102848505601287,"w":-0.9980817437171936},"size":40.383811950683597,"orthographic":false}