{"cameraMode":{"drawMode":0,"name":"Shaded","section":"Shading Mode"},"sceneLighting":true,"audioPlay":false,"sceneViewState":{"showFog":true,"showMaterialUpdate":true,"showSkybox":true,"showFlares":true,"showImageEffects":true,"showParticleSystems":true},"in2DMode":false,"pivot":{"x":715.0541381835938,"y":1416.916748046875,"z":17.75146484375},"rotation":{"x":-0.11255346983671189,"y":-0.017291396856307985,"z":0.0019589962903410198,"w":-0.9934933185577393},"size":1629.2120361328125,"orthographic":false}